candidate_id	annotation_id	annotation_path	annotation_member_name	genome_contig_count	feature_count	gene_count	matched_seqid_count	unknown_seqid_count	unknown_seqids_preview	unknown_seqids_sha256	out_of_bounds_feature_count	error	status
01bd34ba2a35deea	40944901d25fcda4	legume_family/legumeinfo/Glycine/max/Ooyachi2.gnm3.ann1.6929/gff3/glyma.Ooyachi2.gnm3.ann1.6929.gene_models_main.gff3.gz	.	20	1022202	56664	20	0	.	e3b0c44298fc1c149afbf4c8996fb92427ae41e4649b934ca495991b7852b855	0	.	PASS
0b4f69cb2f7e7490	a7a8a9892686fab6	legume_family/legumeinfo/Lupinus/albus/Amiga.gnm1.ann1.3GKS/gff3/lupal.Amiga.gnm1.ann1.3GKS.gene_models_main.gff3.gz	.	91	532988	38258	68	0	.	e3b0c44298fc1c149afbf4c8996fb92427ae41e4649b934ca495991b7852b855	0	.	PASS
0d0ef55ae6b0667a	7fcdaefab3b9164b	legume_family/ncbi/Phaseolus_coccineus/Pcoc_1/gff3/GCA_037954025.1_Pcoc_1_genomic.gff.gz	.	235	428341	31434	235	0	.	e3b0c44298fc1c149afbf4c8996fb92427ae41e4649b934ca495991b7852b855	0	.	PASS
0d369ef4d174838f	fc497a726f5f33fd	legume_family/legumeinfo/Chamaecrista/fasciculata/ISC494698.gnm1_hap2.ann1.WXZF/gff3/chafa.ISC494698.gnm1_hap2.ann1.WXZF.gene_models_main.gff3.gz	.	17	498131	28859	16	0	.	e3b0c44298fc1c149afbf4c8996fb92427ae41e4649b934ca495991b7852b855	0	.	PASS
0dd3c819f44b67d7	263cc51d243ae156	legumeinfo/Wm82.gnm5.ann1.J7HW/gff3/glyma.Wm82.gnm5.ann1.J7HW.gene_models_main.gff3.gz	.	22	728148	58287	21	0	.	e3b0c44298fc1c149afbf4c8996fb92427ae41e4649b934ca495991b7852b855	0	.	PASS
0de0accd36af9193	b0df98cde79ce47f	legumeinfo/ZhangChunManCangJin.gnm1.ann1.7HPB/gff3/glyma.ZhangChunManCangJin.gnm1.ann1.7HPB.gene_models_main.gff3.gz	.	37	1269719	56573	34	0	.	e3b0c44298fc1c149afbf4c8996fb92427ae41e4649b934ca495991b7852b855	0	.	PASS
0df156cb56003e79	e20821d7095ddb84	legume_family/ncbi/Glycine_max/WHFS_GmWF7_1.0/gff3/GCA_014282035.1_WHFS_GmWF7_1.0_genomic.gff.gz	.	334	558588	46092	334	0	.	e3b0c44298fc1c149afbf4c8996fb92427ae41e4649b934ca495991b7852b855	0	.	PASS
109ae664faca4799	e0b91c2b04490519	legume_family/legumeinfo/Chamaecrista/fasciculata/ISC494698.gnm1.ann1.G7XW/gff3/chafa.ISC494698.gnm1.ann1.G7XW.gene_models_main.gff3.gz	.	24	498107	29074	23	0	.	e3b0c44298fc1c149afbf4c8996fb92427ae41e4649b934ca495991b7852b855	0	.	PASS
171869ade9f5b76e	3fd782ddb09c5d78	legumeinfo/Jinyuan_IGA1006.gnm1.ann1.2NNX/gff3/glyma.Jinyuan_IGA1006.gnm1.ann1.2NNX.gene_models_main.gff3.gz	.	332	423849	58392	32	0	.	e3b0c44298fc1c149afbf4c8996fb92427ae41e4649b934ca495991b7852b855	0	.	PASS
17884d0a84029a68	fe3610bbb23707e3	legume_family/legumeinfo/Vicia/faba/Hedin2.gnm1.ann1.PTNK/gff3/vicfa.Hedin2.gnm1.ann1.PTNK.gene_models_main.gff3.gz	.	3986	457983	34403	1079	0	.	e3b0c44298fc1c149afbf4c8996fb92427ae41e4649b934ca495991b7852b855	0	.	PASS
17921cb217286fc4	83598a0fe69cbf1f	legume_family/ncbi/Bauhinia_variegata/ASM2237911v2/gff3/GCA_022379115.2_ASM2237911v2_genomic.gff.gz	.	410	537236	37677	410	0	.	e3b0c44298fc1c149afbf4c8996fb92427ae41e4649b934ca495991b7852b855	0	.	PASS
1815273b5e4ad094	97c249083db142a0	legume_family/legumeinfo/Arachis/hypogaea/Tifrunner.gnm1.ann1.CCJH/gff3/arahy.Tifrunner.gnm1.ann1.CCJH.gene_models_main.gff3.gz	.	5	1221898	67124	5	115	arahy.Tifrunner.gnm1.Arahy.06;arahy.Tifrunner.gnm1.Arahy.07;arahy.Tifrunner.gnm1.Arahy.08;arahy.Tifrunner.gnm1.Arahy.09;arahy.Tifrunner.gnm1.Arahy.10;arahy.Tifrunner.gnm1.Arahy.11;arahy.Tifrunner.gnm1.Arahy.12;arahy.Tifrunner.gnm1.Arahy.13;arahy.Tifrunner.gnm1.Arahy.14;arahy.Tifrunner.gnm1.Arahy.15;arahy.Tifrunner.gnm1.Arahy.16;arahy.Tifrunner.gnm1.Arahy.17;arahy.Tifrunner.gnm1.Arahy.18;arahy.Tifrunner.gnm1.Arahy.19;arahy.Tifrunner.gnm1.Arahy.20;arahy.Tifrunner.gnm1.scaffold_108;arahy.Tifrunner.gnm1.scaffold_110;arahy.Tifrunner.gnm1.scaffold_113;arahy.Tifrunner.gnm1.scaffold_115;arahy.Tifrunner.gnm1.scaffold_116	1483151f5ac1c03364faee3282c7741b54b342ef7bab383facb79414e1e344d2	30329	.	FAIL
1a700e8353f7effb	8998efcbb117899e	legume_family/legumeinfo/Medicago/sativa/RegenSY27x.gnm1_hap3.ann1.YZ7X/gff3/medsa.RegenSY27x.gnm1_hap3.ann1.YZ7X.gene_models_main.gff3.gz	.	1026	544483	54447	513	0	.	e3b0c44298fc1c149afbf4c8996fb92427ae41e4649b934ca495991b7852b855	0	.	PASS
1be2867072344ebf	1d0945b06b88038c	legume_family/ncbi/Glycine_max/GmBRS537.a1.v2/gff3/GCA_012273815.2_GmBRS537.a1.v2_genomic.gff.gz	.	95	1196139	57345	95	0	.	e3b0c44298fc1c149afbf4c8996fb92427ae41e4649b934ca495991b7852b855	0	.	PASS
1cac6cdef48a6b1e	2cf2f942dec644ad	legumeinfo/DongNongNo_50.gnm1.ann1.QSDB/gff3/glyma.DongNongNo_50.gnm1.ann1.QSDB.gene_models_main.gff3.gz	.	87	1176439	55000	63	0	.	e3b0c44298fc1c149afbf4c8996fb92427ae41e4649b934ca495991b7852b855	0	.	PASS
1e03257b23978be3	f9d811e18ded7781	legume_family/legumeinfo/Arachis/hypogaea/F07.gnm1.ann1.1DJN/gff3/arahy.F07.gnm1.ann1.1DJN.gene_models_main.gff3.gz	.	20	943176	80076	20	0	.	e3b0c44298fc1c149afbf4c8996fb92427ae41e4649b934ca495991b7852b855	0	.	PASS
1e3747d1b9b74146	dd213f0f3b09cc1a	legume_family/legumeinfo/Phaseolus/vulgaris/UI111.gnm1.ann1.8L4N/gff3/phavu.UI111.gnm1.ann1.8L4N.gene_models_main.gff3.gz	.	58	352046	27385	48	0	.	e3b0c44298fc1c149afbf4c8996fb92427ae41e4649b934ca495991b7852b855	0	.	PASS
1f214bea4d5a72fb	9f24be91bd685b6c	legumeinfo/PI_578357.gnm1.ann1.0ZKP/gff3/glyso.PI_578357.gnm1.ann1.0ZKP.gene_models_main.gff3.gz	.	74	1235626	57884	50	0	.	e3b0c44298fc1c149afbf4c8996fb92427ae41e4649b934ca495991b7852b855	0	.	PASS
1f47770d9ba1c1ad	9caa5f531f1c6660	legume_family/ncbi/Lupinus_angustifolius/LupAngTanjil_v1.0/gff3/GCF_001865875.1_LupAngTanjil_v1.0_genomic.gff.gz	.	13573	851814	37319	13573	0	.	e3b0c44298fc1c149afbf4c8996fb92427ae41e4649b934ca495991b7852b855	0	.	PASS
2190c3d385555d34	10d81cd4aa3d7e10	legume_family/legumeinfo/Medicago/sativa/RegenSY27x.gnm1.ann1.BS5K/gff3/medsa.RegenSY27x.gnm1.ann1.BS5K.gene_models_main.gff3.gz	.	1034	545042	54342	537	0	.	e3b0c44298fc1c149afbf4c8996fb92427ae41e4649b934ca495991b7852b855	0	.	PASS
24b40cf02b3d8889	88b73116b1dca274	legume_family/legumeinfo/Glycine/max/Miyagishirome.gnm3.ann1.P8QZ/gff3/glyma.Miyagishirome.gnm3.ann1.P8QZ.gene_models_main.gff3.gz	.	20	988110	55635	20	0	.	e3b0c44298fc1c149afbf4c8996fb92427ae41e4649b934ca495991b7852b855	0	.	PASS
257bdc8c02ae8e94	60845944d2924584	legumeinfo/PI_562565.gnm1.ann1.1JD2/gff3/glyso.PI_562565.gnm1.ann1.1JD2.gene_models_main.gff3.gz	.	52	1291763	57920	40	0	.	e3b0c44298fc1c149afbf4c8996fb92427ae41e4649b934ca495991b7852b855	0	.	PASS
26cafc21598b8a1f	8fdaa866de843c3f	legumeinfo/XuDouNo_1.gnm1.ann1.G2T7/gff3/glyma.XuDouNo_1.gnm1.ann1.G2T7.gene_models_main.gff3.gz	.	30	1140777	54405	26	0	.	e3b0c44298fc1c149afbf4c8996fb92427ae41e4649b934ca495991b7852b855	0	.	PASS
282a2bc92d129efa	d4bd00ad00a9b7fd	legume_family/ncbi/Senna_tora/ASM1485142v1/gff3/GCA_014851425.1_ASM1485142v1_genomic.gff.gz	.	444	486534	45268	444	0	.	e3b0c44298fc1c149afbf4c8996fb92427ae41e4649b934ca495991b7852b855	0	.	PASS
29502e1062edfe93	9c020b3988a119b2	legume_family/legumeinfo/Medicago/truncatula/R108.gnmHiC_1.ann1.Y8NH/gff3/medtr.R108.gnmHiC_1.ann1.Y8NH.gene_models_main.gff3.gz	.	801	442116	39027	288	0	.	e3b0c44298fc1c149afbf4c8996fb92427ae41e4649b934ca495991b7852b855	0	.	PASS
2b995edfcb89c886	fe96ac5d5abf44fa	legume_family/legumeinfo/Pisum/sativum/ZW6.gnm1.ann1.TKZX/gff3/pissa.ZW6.gnm1.ann1.TKZX.gene_models_main.gff3.gz	.	1581	784339	47526	285	0	.	e3b0c44298fc1c149afbf4c8996fb92427ae41e4649b934ca495991b7852b855	0	.	PASS
2c2bfa188a2ecbed	ee891d53ac457f70	legumeinfo/Wm82.gnm4.ann1.T8TQ/gff3/glyma.Wm82.gnm4.ann1.T8TQ.gene_models_main.gff3.gz	.	282	856876	52872	94	0	.	e3b0c44298fc1c149afbf4c8996fb92427ae41e4649b934ca495991b7852b855	0	.	PASS
2ca78acb5d4cc2d1	423851301965a87b	legume_family/legumeinfo/Vigna/radiata/Weilv-9.gnm1.ann1.FPGC/gff3/vigra.Weilv-9.gnm1.ann1.FPGC.gene_models_main.gff3.gz	.	13	408511	28740	13	0	.	e3b0c44298fc1c149afbf4c8996fb92427ae41e4649b934ca495991b7852b855	0	.	PASS
2e6270d00994b4eb	76ce81d5f6e2468d	legume_family/ncbi/Cajanus_cajan/C.cajan_V1.1/gff3/GCF_000340665.2_C.cajan_V1.1_genomic.gff.gz	.	31511	657750	32138	31511	0	.	e3b0c44298fc1c149afbf4c8996fb92427ae41e4649b934ca495991b7852b855	0	.	PASS
338b426684d64480	fc497a726f5f33fd	legume_family/legumeinfo/Chamaecrista/fasciculata/ISC494698.gnm1_hap2.ann1.WXZF/gff3/chafa.ISC494698.gnm1_hap2.ann1.WXZF.gene_models_main.gff3.gz	.	17	498131	28859	16	0	.	e3b0c44298fc1c149afbf4c8996fb92427ae41e4649b934ca495991b7852b855	0	.	PASS
351b9be376cc7087	45a30fcddbe793db	legumeinfo/PI_398296.gnm1.ann1.B0XR/gff3/glyma.PI_398296.gnm1.ann1.B0XR.gene_models_main.gff3.gz	.	106	1238924	56086	83	0	.	e3b0c44298fc1c149afbf4c8996fb92427ae41e4649b934ca495991b7852b855	0	.	PASS
355a2916e13df156	55831cee090562c0	legumeinfo/Lee.gnm1.ann1.6NZV/gff3/glyma.Lee.gnm1.ann1.6NZV.gene_models_main.gff3.gz	.	292	723085	47649	30	0	.	e3b0c44298fc1c149afbf4c8996fb92427ae41e4649b934ca495991b7852b855	0	.	PASS
369c80713ac67768	262ca9fab5319e5b	legume_family/legumeinfo/Vigna/unguiculata/Suvita2.gnm1.ann1.1PF6/gff3/vigun.Suvita2.gnm1.ann1.1PF6.gene_models_main.gff3.gz	.	9123	460510	28545	483	0	.	e3b0c44298fc1c149afbf4c8996fb92427ae41e4649b934ca495991b7852b855	0	.	PASS
384c291022a64cb6	7b6c7bbce4056ac5	legume_family/ncbi/Glycine_max/WHFS_GmZH13_1.0/gff3/GCA_014282085.1_WHFS_GmZH13_1.0_genomic.gff.gz	.	181	365640	30721	181	0	.	e3b0c44298fc1c149afbf4c8996fb92427ae41e4649b934ca495991b7852b855	0	.	PASS
391e92e38f9fb945	d05188e554a09730	legume_family/ncbi/Crotalaria_pallida/Cpal_1/gff3/GCA_037953625.1_Cpal_1_genomic.gff.gz	.	187	569075	37565	187	0	.	e3b0c44298fc1c149afbf4c8996fb92427ae41e4649b934ca495991b7852b855	0	.	PASS
3ac8f18302bca5ce	a7406bb9d572e984	legume_family/legumeinfo/Glycine/max/Jack.gnm3.ann1.S50K/gff3/glyma.Jack.gnm3.ann1.S50K.gene_models_main.gff3.gz	.	20	985471	55673	20	0	.	e3b0c44298fc1c149afbf4c8996fb92427ae41e4649b934ca495991b7852b855	0	.	PASS
3b5c89322ad7aa01	bfb36c1e31fd443b	legumeinfo/Lee.gnm2.ann1.1FNT/gff3/glyma.Lee.gnm2.ann1.1FNT.gene_models_main.gff3.gz	.	131	782713	51839	29	0	.	e3b0c44298fc1c149afbf4c8996fb92427ae41e4649b934ca495991b7852b855	0	.	PASS
3b922ebbef5d2263	6cf782e341b3a553	legume_family/legumeinfo/Glycine/max/Harosoy.gnm3.ann1.R35Y/gff3/glyma.Harosoy.gnm3.ann1.R35Y.gene_models_main.gff3.gz	.	20	978548	55467	20	0	.	e3b0c44298fc1c149afbf4c8996fb92427ae41e4649b934ca495991b7852b855	0	.	PASS
3cc0ae79d13d49a9	234ef5a6f74de59a	legume_family/ncbi/Vicia_faba/Hedin2_genome_v1/gff3/GCA_948472305.1_Hedin2_genome_v1_genomic.gff.gz	.	3983	689134	44410	3983	0	.	e3b0c44298fc1c149afbf4c8996fb92427ae41e4649b934ca495991b7852b855	0	.	PASS
3d10e4cb7b76e2b3	84cc97dbfbf01696	legume_family/legumeinfo/Vigna/unguiculata/Sanzi.gnm1.ann1.HFH8/gff3/vigun.Sanzi.gnm1.ann1.HFH8.gene_models_main.gff3.gz	.	11268	454507	28461	668	0	.	e3b0c44298fc1c149afbf4c8996fb92427ae41e4649b934ca495991b7852b855	0	.	PASS
3e10267861bb14ef	df067e10352b63c0	legumeinfo/YuDouNo_22.gnm1.ann1.HCQ1/gff3/glyma.YuDouNo_22.gnm1.ann1.HCQ1.gene_models_main.gff3.gz	.	54	1209290	55619	39	0	.	e3b0c44298fc1c149afbf4c8996fb92427ae41e4649b934ca495991b7852b855	0	.	PASS
3f2bcde8b6efba1f	3e6af95def45b33a	legume_family/legumeinfo/Phaseolus/vulgaris/5-593.gnm1.ann1.3FBJ/gff3/phavu.5-593.gnm1.ann1.3FBJ.gene_models_main.gff3.gz	.	13	386826	27065	13	0	.	e3b0c44298fc1c149afbf4c8996fb92427ae41e4649b934ca495991b7852b855	0	.	PASS
3fe09b71145ae91f	b307ef770624fc05	legume_family/ncbi/Flemingia_macrophylla/ASM4316530v1/gff3/GCA_043165305.1_ASM4316530v1_genomic.gff.gz	.	12	405934	33075	12	0	.	e3b0c44298fc1c149afbf4c8996fb92427ae41e4649b934ca495991b7852b855	0	.	PASS
3fe9bfb7c8321201	ffa4ba239a8f9fd9	legume_family/ncbi/Phaseolus_vulgaris/CIAT_INB841_v1.0/gff3/GCA_051991295.1_CIAT_INB841_v1.0_genomic.gff.gz	.	11399	1155316	26391	11399	0	.	e3b0c44298fc1c149afbf4c8996fb92427ae41e4649b934ca495991b7852b855	0	.	PASS
42e6902fc05e0c1a	1a343104cc94269d	soyod/Yundou1_T2T/gff/Yundou1.annotation.zip	Yundou1_T2T.annotation.gff	26	1101949	58621	26	0	.	e3b0c44298fc1c149afbf4c8996fb92427ae41e4649b934ca495991b7852b855	0	.	PASS
430c5927b868f32b	7c32313f733bcb1e	legume_family/legumeinfo/Phaseolus/vulgaris/G19833.gnm2.ann1.PB8d/gff3/phavu.G19833.gnm2.ann1.PB8d.gene_models_main.gff3.gz	.	4	363080	27433	4	106	phavu.G19833.gnm2.Chr05;phavu.G19833.gnm2.Chr06;phavu.G19833.gnm2.Chr07;phavu.G19833.gnm2.Chr08;phavu.G19833.gnm2.Chr09;phavu.G19833.gnm2.Chr10;phavu.G19833.gnm2.Chr11;phavu.G19833.gnm2.scaffold_100;phavu.G19833.gnm2.scaffold_104;phavu.G19833.gnm2.scaffold_1075;phavu.G19833.gnm2.scaffold_1077;phavu.G19833.gnm2.scaffold_1082;phavu.G19833.gnm2.scaffold_109;phavu.G19833.gnm2.scaffold_1090;phavu.G19833.gnm2.scaffold_1092;phavu.G19833.gnm2.scaffold_1096;phavu.G19833.gnm2.scaffold_1097;phavu.G19833.gnm2.scaffold_1103;phavu.G19833.gnm2.scaffold_1110;phavu.G19833.gnm2.scaffold_1114	cfe05bd21a2b42456104c9b47e16971b7b57652c1267e9cfa648d4eab92a38b2	11145	.	FAIL
4645d6726b4bfd2d	07e0523008c00b28	legume_family/ncbi/Arachis_hypogaea/HN873/gff3/GCA_039852645.1_HN873_genomic.gff.gz	.	20	822436	73196	20	0	.	e3b0c44298fc1c149afbf4c8996fb92427ae41e4649b934ca495991b7852b855	0	.	PASS
473d96afd6793658	af328a3133c80848	legume_family/ncbi/Glycine_max/WHFS_GmJY_1.0/gff3/GCA_014282095.1_WHFS_GmJY_1.0_genomic.gff.gz	.	332	690690	58338	332	0	.	e3b0c44298fc1c149afbf4c8996fb92427ae41e4649b934ca495991b7852b855	0	.	PASS
484ac27242746eae	3f50b04e750cc82c	soyod/Zhong_Huang_13_T2T/gff/ZH13_T2T.annotation.zip	ZH13_T2T.annotation.gff	20	3159541	56154	20	0	.	e3b0c44298fc1c149afbf4c8996fb92427ae41e4649b934ca495991b7852b855	0	.	PASS
497b450b64c4d6f9	50ef678a38843c53	legume_family/ncbi/Lupinus_albus/CNRS_Lalb_1.0/gff3/GCA_009771035.1_CNRS_Lalb_1.0_genomic.gff.gz	.	89	468580	41359	89	0	.	e3b0c44298fc1c149afbf4c8996fb92427ae41e4649b934ca495991b7852b855	0	.	PASS
4c0bceedcb720407	446c9b12e1c6e44f	legume_family/ncbi/Psophocarpus_tetragonolobus/Ptet_1/gff3/GCA_037954015.1_Ptet_1_genomic.gff.gz	.	362	468656	31170	362	0	.	e3b0c44298fc1c149afbf4c8996fb92427ae41e4649b934ca495991b7852b855	0	.	PASS
4c1c1d74d7e6a870	af58527c0d4b39e3	legume_family/legumeinfo/Glycine/syndetika/G1300.gnm1.ann1.RRK6/gff3/glysy.G1300.gnm1.ann1.RRK6.gene_models_main.gff3.gz	.	20	674119	54366	20	0	.	e3b0c44298fc1c149afbf4c8996fb92427ae41e4649b934ca495991b7852b855	0	.	PASS
4f2ba84ef83f10b4	3b50ef598e84e973	legume_family/ncbi/Arachis_hypogaea/HN51/gff3/GCA_039852515.1_HN51_genomic.gff.gz	.	20	822176	71863	20	0	.	e3b0c44298fc1c149afbf4c8996fb92427ae41e4649b934ca495991b7852b855	0	.	PASS
539814fd4ada940f	016d16cc57f88ca0	legume_family/legumeinfo/Glycine/max/Fukuyutaka.gnm3.ann1.RWJM/gff3/glyma.Fukuyutaka.gnm3.ann1.RWJM.gene_models_main.gff3.gz	.	20	977241	55618	20	0	.	e3b0c44298fc1c149afbf4c8996fb92427ae41e4649b934ca495991b7852b855	0	.	PASS
56bc7c342b765b44	5820343502432e05	legumeinfo/PI_549046.gnm1.ann1.65KD/gff3/glyso.PI_549046.gnm1.ann1.65KD.gene_models_main.gff3.gz	.	118	1279830	55516	70	0	.	e3b0c44298fc1c149afbf4c8996fb92427ae41e4649b934ca495991b7852b855	0	.	PASS
5844dd514643bfc4	b4efff7b6b8ec0b5	legumeinfo/FiskebyIII.gnm1.ann1.SS25/gff3/glyma.FiskebyIII.gnm1.ann1.SS25.gene_models_main.gff3.gz	.	203	971920	52783	150	0	.	e3b0c44298fc1c149afbf4c8996fb92427ae41e4649b934ca495991b7852b855	0	.	PASS
58846353edbf3856	0f6a5f5dfa1a59d4	soyod/Yesheng71_T2T/gff/Yesheng71.annotation.zip	Yesheng71_T2T.annotation.gff	26	1121090	58583	26	0	.	e3b0c44298fc1c149afbf4c8996fb92427ae41e4649b934ca495991b7852b855	0	.	PASS
59c41dffc41a6f25	1c61a520b70e81d3	legume_family/legumeinfo/Cercis/canadensis/ISC453364.gnm3.ann1.3N1M/gff3/cerca.ISC453364.gnm3.ann1.3N1M.gene_models_main.gff3.gz	.	43	531686	27440	42	0	.	e3b0c44298fc1c149afbf4c8996fb92427ae41e4649b934ca495991b7852b855	0	.	PASS
5e1a6f42336f1a1f	d71a86b43c3763d9	legume_family/legumeinfo/Glycine/falcata/G1718.gnm1.ann1.2KSV/gff3/glyfa.G1718.gnm1.ann1.2KSV.gene_models_main.gff3.gz	.	20	690627	56688	20	0	.	e3b0c44298fc1c149afbf4c8996fb92427ae41e4649b934ca495991b7852b855	0	.	PASS
5e5305f82c9763d9	a594dc88e506c1bc	legume_family/ncbi/Spatholobus_suberectus/ASM432916v1/gff3/GCA_004329165.1_ASM432916v1_genomic.gff.gz	.	816	368238	31106	816	0	.	e3b0c44298fc1c149afbf4c8996fb92427ae41e4649b934ca495991b7852b855	0	.	PASS
5edfa45b3bdba07c	cd43ef9e155aa9cc	legume_family/ncbi/Lotus_japonicus/LjGifu_v1.2/gff3/GCF_012489685.1_LjGifu_v1.2_genomic.gff.gz	.	65	696104	38478	65	0	.	e3b0c44298fc1c149afbf4c8996fb92427ae41e4649b934ca495991b7852b855	0	.	PASS
5f25bd9cfe3467d5	f497966edbe32330	legumeinfo/QiHuangNo_34.gnm1.ann1.WHRV/gff3/glyma.QiHuangNo_34.gnm1.ann1.WHRV.gene_models_main.gff3.gz	.	40	1175464	54747	32	0	.	e3b0c44298fc1c149afbf4c8996fb92427ae41e4649b934ca495991b7852b855	0	.	PASS
5f7c4f84932c68e5	3c0ec58ce9d55b30	legumeinfo/Wm82.gnm6.ann1.PKSW/gff3/glyma.Wm82.gnm6.ann1.PKSW.gene_models_main.gff3.gz	.	20	845110	48387	20	0	.	e3b0c44298fc1c149afbf4c8996fb92427ae41e4649b934ca495991b7852b855	0	.	PASS
602fdebe64673b64	5f3f64696ff9ed46	legume_family/ncbi/Canavalia_gladiata/Cgla_1/gff3/GCA_037954105.1_Cgla_1_genomic.gff.gz	.	102	571552	37830	102	0	.	e3b0c44298fc1c149afbf4c8996fb92427ae41e4649b934ca495991b7852b855	0	.	PASS
613e5d02eee44955	10aa18971bb1e701	legume_family/ncbi/Glycine_soja/WHFS_GsojaF_1.0/gff3/GCA_014282345.1_WHFS_GsojaF_1.0_genomic.gff.gz	.	320	692241	57501	320	0	.	e3b0c44298fc1c149afbf4c8996fb92427ae41e4649b934ca495991b7852b855	0	.	PASS
61500660d0e2a930	e5bfca63e94c02f6	legume_family/ncbi/Arachis_hypogaea/ASM371315v1/gff3/GCA_003713155.1_ASM371315v1_genomic.gff.gz	.	20	1011747	70941	20	0	.	e3b0c44298fc1c149afbf4c8996fb92427ae41e4649b934ca495991b7852b855	0	.	PASS
61894c4aea5cf5df	4426c42102e8118d	legumeinfo/Zhutwinning2.gnm1.ann1.ZTTQ/gff3/glyma.Zhutwinning2.gnm1.ann1.ZTTQ.gene_models_main.gff3.gz	.	59	1154139	54502	42	0	.	e3b0c44298fc1c149afbf4c8996fb92427ae41e4649b934ca495991b7852b855	0	.	PASS
6397eb32949b6af5	35ce4a288b2c53d1	legume_family/legumeinfo/Vigna/unguiculata/UCR779.gnm1.ann1.VF6G/gff3/vigun.UCR779.gnm1.ann1.VF6G.gene_models_main.gff3.gz	.	12939	440216	28562	665	0	.	e3b0c44298fc1c149afbf4c8996fb92427ae41e4649b934ca495991b7852b855	0	.	PASS
667ae3303395f049	81873a90df1db72f	legumeinfo/JiDouNo_17.gnm1.ann1.X5PX/gff3/glyma.JiDouNo_17.gnm1.ann1.X5PX.gene_models_main.gff3.gz	.	74	1325515	56750	57	0	.	e3b0c44298fc1c149afbf4c8996fb92427ae41e4649b934ca495991b7852b855	0	.	PASS
68f812ed7a08d2f9	fbf6cd0de759049b	legume_family/legumeinfo/Glycine/stenophita/G1974.gnm1.ann1.F257/gff3/glyst.G1974.gnm1.ann1.F257.gene_models_main.gff3.gz	.	20	659299	55488	20	0	.	e3b0c44298fc1c149afbf4c8996fb92427ae41e4649b934ca495991b7852b855	0	.	PASS
6935c73bd3792804	68002f7f11b92d0d	legume_family/legumeinfo/Glycine/max/Kosuzu.gnm3.ann1.4MVB/gff3/glyma.Kosuzu.gnm3.ann1.4MVB.gene_models_main.gff3.gz	.	20	969252	55166	20	0	.	e3b0c44298fc1c149afbf4c8996fb92427ae41e4649b934ca495991b7852b855	0	.	PASS
6ad3d7c855c721ce	fcb9bb627288fa4d	legume_family/legumeinfo/Vigna/angularis/Shumari.gnm1.ann1.8BRS/gff3/vigan.Shumari.gnm1.ann1.8BRS.gene_models_main.gff3.gz	.	2261	269900	31241	456	0	.	e3b0c44298fc1c149afbf4c8996fb92427ae41e4649b934ca495991b7852b855	0	.	PASS
6b1673473c52ff69	dab614c4b21f231b	legume_family/legumeinfo/Glycine/max/Tanba.gnm3.ann1.17JT/gff3/glyma.Tanba.gnm3.ann1.17JT.gene_models_main.gff3.gz	.	20	983922	56648	20	0	.	e3b0c44298fc1c149afbf4c8996fb92427ae41e4649b934ca495991b7852b855	0	.	PASS
6d05c41e960f6f2d	047996d4d0b54544	legumeinfo/Wm82.gnm1.ann1.DvBy/gff3/glyma.Wm82.gnm1.ann1.DvBy.gene_models_main.gff3.gz	.	1168	692301	54175	149	0	.	e3b0c44298fc1c149afbf4c8996fb92427ae41e4649b934ca495991b7852b855	0	.	PASS
6d318d195b2a060f	fc26bba116b4a877	legume_family/ncbi/Cajanus_cajan/C.cajan_V1.0/gff3/GCF_000340665.1_C.cajan_V1.0_genomic.gff.gz	.	36536	663322	32308	36536	0	.	e3b0c44298fc1c149afbf4c8996fb92427ae41e4649b934ca495991b7852b855	0	.	PASS
6d38dcb5c92d95c2	f1886ca8daa9cdeb	legumeinfo/Wm82_NJAU.gnm1.ann1.KM71/gff3/glyma.Wm82_NJAU.gnm1.ann1.KM71.gene_models_main.gff3.gz	.	20	873947	55497	20	0	.	e3b0c44298fc1c149afbf4c8996fb92427ae41e4649b934ca495991b7852b855	0	.	PASS
6e568fc7addcdb8c	ff20675aa249320c	legumeinfo/Zh13.gnm2.ann1.FJ3G/gff3/glyma.Zh13.gnm2.ann1.FJ3G.gene_models_main.gff3.gz	.	58	937026	55573	46	0	.	e3b0c44298fc1c149afbf4c8996fb92427ae41e4649b934ca495991b7852b855	0	.	PASS
6e71dbe473d305ba	fbd90ed2b08ab4d3	legume_family/legumeinfo/Vigna/unguiculata/TZ30.gnm1.ann2.59NL/gff3/vigun.TZ30.gnm1.ann2.59NL.gene_models_main.gff3.gz	.	6771	422475	27742	287	0	.	e3b0c44298fc1c149afbf4c8996fb92427ae41e4649b934ca495991b7852b855	0	.	PASS
723b79a6bb0fbe82	92307a3d8556fe9e	legume_family/legumeinfo/Medicago/truncatula/HM078.gnm1.ann1.3RNP/gff3/medtr.HM078.gnm1.ann1.3RNP.gene_models_main.gff3.gz	.	239	640444	37803	129	0	.	e3b0c44298fc1c149afbf4c8996fb92427ae41e4649b934ca495991b7852b855	0	.	PASS
73e72487f230e42a	60b72df03e284bcb	legume_family/legumeinfo/Arachis/hypogaea/ICG1471.gnm1.ann1.BK1B/gff3/arahy.ICG1471.gnm1.ann1.BK1B.gene_models_main.gff3.gz	.	20	877580	75339	20	0	.	e3b0c44298fc1c149afbf4c8996fb92427ae41e4649b934ca495991b7852b855	0	.	PASS
751847692850cd02	21fc119c14db8997	legume_family/legumeinfo/Arachis/stenosperma/V10309.gnm1.ann1.CZRZ/gff3/arast.V10309.gnm1.ann1.CZRZ.gene_models_main.gff3.gz	.	30	595762	33599	22	0	.	e3b0c44298fc1c149afbf4c8996fb92427ae41e4649b934ca495991b7852b855	0	.	PASS
75250b112de08448	acd3c1e6d806f441	legumeinfo/Wm82.gnm2.ann1.RVB6/gff3/glyma.Wm82.gnm2.ann1.RVB6.gene_models_main.gff3.gz	.	1190	864490	56044	147	0	.	e3b0c44298fc1c149afbf4c8996fb92427ae41e4649b934ca495991b7852b855	0	.	PASS
789b7b4de543e431	11e4dda33bda9b28	legume_family/ncbi/Lupinus_albus/La_Amiga3.1/gff3/GCA_010261695.1_La_Amiga3.1_genomic.gff.gz	.	1580	556661	48718	1580	0	.	e3b0c44298fc1c149afbf4c8996fb92427ae41e4649b934ca495991b7852b855	0	.	PASS
78a4bd04f924b968	fb5fc332433c8384	legume_family/legumeinfo/Aeschynomene/evenia/CIAT22838.gnm1.ann1.ZM3R/gff3/aesev.CIAT22838.gnm1.ann1.ZM3R.gene_models_main.gff3.gz	.	13	394584	32700	13	0	.	e3b0c44298fc1c149afbf4c8996fb92427ae41e4649b934ca495991b7852b855	0	.	PASS
7dda2de8855030a8	532a7cd57a0d5b96	legume_family/legumeinfo/Glycine/dolichocarpa/G1134.gnm1.ann1.4BJM/gff3/glydo.G1134.gnm1.ann1.4BJM.gene_models_main.gff3.gz	.	40	1211225	111706	40	0	.	e3b0c44298fc1c149afbf4c8996fb92427ae41e4649b934ca495991b7852b855	0	.	PASS
810b76c898ad2a31	aeabb2996eb0303f	legume_family/legumeinfo/Apios/priceana/MO19963523.gnm1.ann1.P2VZ/gff3/apipr.MO19963523.gnm1.ann1.P2VZ.gene_models_main.gff3.gz	.	966	673686	26937	61	0	.	e3b0c44298fc1c149afbf4c8996fb92427ae41e4649b934ca495991b7852b855	0	.	PASS
8317f2f6bae2e9d2	a1fbdf16306fe668	legume_family/legumeinfo/Glycine/cyrtoloba/G1267.gnm1.ann1.HRFD/gff3/glycy.G1267.gnm1.ann1.HRFD.gene_models_main.gff3.gz	.	20	658997	55362	20	0	.	e3b0c44298fc1c149afbf4c8996fb92427ae41e4649b934ca495991b7852b855	0	.	PASS
838679e55c2d0890	fae7218d9281c319	legumeinfo/Lee.gnm3.ann1.ZYY3/gff3/glyma.Lee.gnm3.ann1.ZYY3.gene_models_main.gff3.gz	.	22	715278	56725	21	0	.	e3b0c44298fc1c149afbf4c8996fb92427ae41e4649b934ca495991b7852b855	0	.	PASS
84b734e351285496	296213afa45c33be	legumeinfo/Zh13.gnm1.ann1.8VV3/gff3/glyma.Zh13.gnm1.ann1.8VV3.gene_models_main.gff3.gz	.	570	511737	52141	244	0	.	e3b0c44298fc1c149afbf4c8996fb92427ae41e4649b934ca495991b7852b855	0	.	PASS
84f1e992467917d4	e0b91c2b04490519	legume_family/legumeinfo/Chamaecrista/fasciculata/ISC494698.gnm1.ann1.G7XW/gff3/chafa.ISC494698.gnm1.ann1.G7XW.gene_models_main.gff3.gz	.	24	498107	29074	23	0	.	e3b0c44298fc1c149afbf4c8996fb92427ae41e4649b934ca495991b7852b855	0	.	PASS
8508dc7a9552d402	ae38a6e33ab7b8df	legume_family/ncbi/Lathyrus_sativus/JIC_Lsat_v2.1.1/gff3/GCA_963859935.3_JIC_Lsat_v2.1.1_genomic.gff.gz	.	7646	505482	31719	7646	0	.	e3b0c44298fc1c149afbf4c8996fb92427ae41e4649b934ca495991b7852b855	0	.	PASS
85b481ae24b243fe	a1b345aaea2ddd49	legumeinfo/ZiHuaNo_4.gnm1.ann1.FCFQ/gff3/glyma.ZiHuaNo_4.gnm1.ann1.FCFQ.gene_models_main.gff3.gz	.	53	1198497	54803	35	0	.	e3b0c44298fc1c149afbf4c8996fb92427ae41e4649b934ca495991b7852b855	0	.	PASS
887fc38a30f65f36	4f7fb6367bced326	legumeinfo/FengDiHuang.gnm1.ann1.P6HL/gff3/glyma.FengDiHuang.gnm1.ann1.P6HL.gene_models_main.gff3.gz	.	47	1252579	58259	32	0	.	e3b0c44298fc1c149afbf4c8996fb92427ae41e4649b934ca495991b7852b855	0	.	PASS
8948693e7614b9a0	e3476ecff6f65159	legumeinfo/Amsoy.gnm1.ann1.6S5P/gff3/glyma.Amsoy.gnm1.ann1.6S5P.gene_models_main.gff3.gz	.	33	1255848	58040	27	0	.	e3b0c44298fc1c149afbf4c8996fb92427ae41e4649b934ca495991b7852b855	0	.	PASS
8b3cca50063af126	b1e93753d27256ba	legume_family/ncbi/Trifolium_pratense/trifolium_pratense_var_milvus_v3/gff3/GCA_949352195.3_trifolium_pratense_var_milvus_v3_genomic.gff.gz	.	131	1076875	41835	131	0	.	e3b0c44298fc1c149afbf4c8996fb92427ae41e4649b934ca495991b7852b855	0	.	PASS
8c21e283eca8cf3b	7db8326358dfe7d3	legumeinfo/HeiHeNo_43.gnm1.ann1.PDXG/gff3/glyma.HeiHeNo_43.gnm1.ann1.PDXG.gene_models_main.gff3.gz	.	81	1237788	57976	58	0	.	e3b0c44298fc1c149afbf4c8996fb92427ae41e4649b934ca495991b7852b855	0	.	PASS
8d0c2b4f173cd9e7	8b006a969b4bd980	legume_family/legumeinfo/Cercis/chinensis/GXIB.gnm1.ann1.L8L4/gff3/cerch.GXIB.gnm1.ann1.L8L4.gene_models_main.gff3.gz	.	67	347759	31776	59	0	.	e3b0c44298fc1c149afbf4c8996fb92427ae41e4649b934ca495991b7852b855	0	.	PASS
8f9a4aa16c3e8be0	0d5970d42ff92801	legume_family/legumeinfo/Glycine/max/UA4805.gnm3.ann1.DTQV/gff3/glyma.UA4805.gnm3.ann1.DTQV.gene_models_main.gff3.gz	.	20	1035089	57872	20	0	.	e3b0c44298fc1c149afbf4c8996fb92427ae41e4649b934ca495991b7852b855	0	.	PASS
90867f909324c225	03c7db1f2c881f97	legume_family/ncbi/Clitoria_ternatea/Cter_1/gff3/GCA_037962975.1_Cter_1_genomic.gff.gz	.	506	406354	27271	506	0	.	e3b0c44298fc1c149afbf4c8996fb92427ae41e4649b934ca495991b7852b855	0	.	PASS
91a6c657f1069f3c	dd6a159c3a58b0bc	legume_family/legumeinfo/Phaseolus/acutifolius/Frijol_Bayo.gnm1.ann1.ML22/gff3/phaac.Frijol_Bayo.gnm1.ann1.ML22.gene_models_main.gff3.gz	.	155	488832	27538	50	0	.	e3b0c44298fc1c149afbf4c8996fb92427ae41e4649b934ca495991b7852b855	0	.	PASS
9570ca5030231e0b	021fdfc2f05dbcbd	legume_family/legumeinfo/Vigna/unguiculata/CB5-2.gnm1.ann1.0GKC/gff3/vigun.CB5-2.gnm1.ann1.0GKC.gene_models_main.gff3.gz	.	6534	441799	28297	322	0	.	e3b0c44298fc1c149afbf4c8996fb92427ae41e4649b934ca495991b7852b855	0	.	PASS
96468b4838f74d0d	4d0e7fd3ed296b78	legume_family/legumeinfo/Glycine/max/Enrei.gnm3.ann1.YRG3/gff3/glyma.Enrei.gnm3.ann1.YRG3.gene_models_main.gff3.gz	.	20	1001647	58454	20	0	.	e3b0c44298fc1c149afbf4c8996fb92427ae41e4649b934ca495991b7852b855	0	.	PASS
98cf7f6c3f3626e4	64e9fabbcd942ce2	legumeinfo/Zh13_IGA1005.gnm1.ann1.87Z5/gff3/glyma.Zh13_IGA1005.gnm1.ann1.87Z5.gene_models_main.gff3.gz	.	181	453313	57474	34	0	.	e3b0c44298fc1c149afbf4c8996fb92427ae41e4649b934ca495991b7852b855	0	.	PASS
9ae82c2a17244c72	bd6d0f531420ff3d	legume_family/legumeinfo/Lens/culinaris/CDC_Redberry.gnm2.ann1.5FB4/gff3/lencu.CDC_Redberry.gnm2.ann1.5FB4.gene_models_main.gff3.gz	.	2075	521632	39141	459	0	.	e3b0c44298fc1c149afbf4c8996fb92427ae41e4649b934ca495991b7852b855	0	.	PASS
9c8d9d886271b484	d8264a129f22a21f	legume_family/legumeinfo/Glycine/D3-tomentella/G1403.gnm1.ann1.XNZQ/gff3/glyd3.G1403.gnm1.ann1.XNZQ.gene_models_main.gff3.gz	.	20	682317	55763	20	0	.	e3b0c44298fc1c149afbf4c8996fb92427ae41e4649b934ca495991b7852b855	0	.	PASS
9d9311fce6d06103	b4475bfe88cdc707	legume_family/ncbi/Cajanus_cajan/NIPB_CcT2T_4/gff3/GCF_000230855.1_NIPB_CcT2T_4_genomic.gff.gz	.	12	744569	36557	12	0	.	e3b0c44298fc1c149afbf4c8996fb92427ae41e4649b934ca495991b7852b855	0	.	PASS
9db5866248855507	1de017f941329861	legume_family/legumeinfo/Glycine/max/Peking.gnm3.ann1.D1WG/gff3/glyma.Peking.gnm3.ann1.D1WG.gene_models_main.gff3.gz	.	20	1026694	56457	20	0	.	e3b0c44298fc1c149afbf4c8996fb92427ae41e4649b934ca495991b7852b855	0	.	PASS
9fabec0202ef64df	34e35d203d838cc1	legume_family/legumeinfo/Glycine/max/Himeshirazu.gnm3.ann1.0KJD/gff3/glyma.Himeshirazu.gnm3.ann1.0KJD.gene_models_main.gff3.gz	.	20	980222	55265	20	0	.	e3b0c44298fc1c149afbf4c8996fb92427ae41e4649b934ca495991b7852b855	0	.	PASS
a0335dec2cceb268	4456565cb5116c9d	legume_family/ncbi/Vigna_mungo/ASM3688567v1/gff3/GCA_036885675.1_ASM3688567v1_genomic.gff.gz	.	13	439888	37994	13	0	.	e3b0c44298fc1c149afbf4c8996fb92427ae41e4649b934ca495991b7852b855	0	.	PASS
a1031c671efeadfc	af63011f5f771206	legumeinfo/ShiShengChangYe.gnm1.ann1.VLGS/gff3/glyma.ShiShengChangYe.gnm1.ann1.VLGS.gene_models_main.gff3.gz	.	79	1314635	59588	64	0	.	e3b0c44298fc1c149afbf4c8996fb92427ae41e4649b934ca495991b7852b855	0	.	PASS
a15dd91940f10d0d	355fede4467c0185	legume_family/ncbi/Arachis_hypogaea/ASM4730225v1/gff3/GCA_047302255.1_ASM4730225v1_genomic.gff.gz	.	477	739335	64389	477	0	.	e3b0c44298fc1c149afbf4c8996fb92427ae41e4649b934ca495991b7852b855	0	.	PASS
a1783bbd0690e1b3	5e42e5fec617103a	legume_family/legumeinfo/Medicago/sativa/XinJiangDaYe.gnm1.ann1.RKB9/gff3/medsa.XinJiangDaYe.gnm1.ann1.RKB9.gene_models_main.gff3.gz	.	9821	1890638	164632	2838	0	.	e3b0c44298fc1c149afbf4c8996fb92427ae41e4649b934ca495991b7852b855	0	.	PASS
a427b3f85dfe3573	8fc02a803bcbecf9	legume_family/legumeinfo/Cajanus/cajan/ICPL87119.gnm2.ann1.L3ZH/gff3/cajca.ICPL87119.gnm2.ann1.L3ZH.gene_models_main.gff3.gz	.	35727	548702	29482	1053	0	.	e3b0c44298fc1c149afbf4c8996fb92427ae41e4649b934ca495991b7852b855	0	.	PASS
a7ba1bdcce7a1bba	42deac54812216b0	legume_family/legumeinfo/Phaseolus/vulgaris/G19833.gnm1.ann1.pScz/gff3/phavu.G19833.gnm1.ann1.pScz.gene_models_main.gff3.gz	.	708	295279	27197	91	0	.	e3b0c44298fc1c149afbf4c8996fb92427ae41e4649b934ca495991b7852b855	0	.	PASS
a8412af2ff4cd5ed	a1becd227d7124cb	legumeinfo/HanDouNo_5.gnm1.ann1.ZS7M/gff3/glyma.HanDouNo_5.gnm1.ann1.ZS7M.gene_models_main.gff3.gz	.	67	1307904	55926	54	0	.	e3b0c44298fc1c149afbf4c8996fb92427ae41e4649b934ca495991b7852b855	0	.	PASS
a9c8f2b6edacea6d	dd213f0f3b09cc1a	legume_family/legumeinfo/Phaseolus/vulgaris/UI111.gnm1.ann1.8L4N/gff3/phavu.UI111.gnm1.ann1.8L4N.gene_models_main.gff3.gz	.	58	352046	27385	48	0	.	e3b0c44298fc1c149afbf4c8996fb92427ae41e4649b934ca495991b7852b855	0	.	PASS
aa7caf87bfed5181	8d7547b13de0c0a5	legume_family/legumeinfo/Vigna/unguiculata/ZN016.gnm1.ann2.C7YV/gff3/vigun.ZN016.gnm1.ann2.C7YV.gene_models_main.gff3.gz	.	7032	424436	27723	280	0	.	e3b0c44298fc1c149afbf4c8996fb92427ae41e4649b934ca495991b7852b855	0	.	PASS
aacea7c6039184ef	46961aa3a1a501b5	legumeinfo/Wenfeng7_IGA1001.gnm1.ann1.ZK5W/gff3/glyma.Wenfeng7_IGA1001.gnm1.ann1.ZK5W.gene_models_main.gff3.gz	.	334	462154	57505	43	0	.	e3b0c44298fc1c149afbf4c8996fb92427ae41e4649b934ca495991b7852b855	0	.	PASS
abec76950f46db19	00f09bfd982e4b39	legume_family/legumeinfo/Medicago/truncatula/A17.gnm5.ann1_6.L2RX/gff3/medtr.A17.gnm5.ann1_6.L2RX.gene_models_main.gff3.gz	.	42	524325	44623	32	0	.	e3b0c44298fc1c149afbf4c8996fb92427ae41e4649b934ca495991b7852b855	0	.	PASS
ae8f30e37611692d	8afcab04f121523b	legumeinfo/TieFengNo_18.gnm1.ann1.7GR4/gff3/glyma.TieFengNo_18.gnm1.ann1.7GR4.gene_models_main.gff3.gz	.	59	1228462	55191	39	0	.	e3b0c44298fc1c149afbf4c8996fb92427ae41e4649b934ca495991b7852b855	0	.	PASS
b1c5e59567defcb2	7db051c08bf04d36	legume_family/legumeinfo/Apios/americana/LA2127.gnm1.ann1.QKWH/gff3/apiam.LA2127.gnm1.ann1.QKWH.gene_models_main.gff3.gz	.	11	593080	25667	11	0	.	e3b0c44298fc1c149afbf4c8996fb92427ae41e4649b934ca495991b7852b855	0	.	PASS
b2d6d16f011f3228	72438ac627f422f3	legume_family/legumeinfo/Arachis/ipaensis/K30076.gnm1.ann1.J37m/gff3/araip.K30076.gnm1.ann1.J37m.gene_models_main.gff3.gz	.	552	598031	41840	106	0	.	e3b0c44298fc1c149afbf4c8996fb92427ae41e4649b934ca495991b7852b855	0	.	PASS
b3fb81d3f6b365ee	71f070811988ce62	legume_family/legumeinfo/Arachis/hypogaea/BaileyII.gnm1.ann1.PQM7/gff3/arahy.BaileyII.gnm1.ann1.PQM7.gene_models_main.gff3.gz	.	426	1063490	62292	60	0	.	e3b0c44298fc1c149afbf4c8996fb92427ae41e4649b934ca495991b7852b855	0	.	PASS
b503a63d15d33fea	edca37c2f490fa5e	legumeinfo/JuXuanNo_23.gnm1.ann1.H8PW/gff3/glyma.JuXuanNo_23.gnm1.ann1.H8PW.gene_models_main.gff3.gz	.	41	1245802	57792	26	0	.	e3b0c44298fc1c149afbf4c8996fb92427ae41e4649b934ca495991b7852b855	0	.	PASS
bb15a599a0eb78f9	5440bacb4b5c7a5f	legume_family/legumeinfo/Cicer/arietinum/CDCFrontier.gnm3.ann1.NPD7/gff3/cicar.CDCFrontier.gnm3.ann1.NPD7.gene_models_main.gff3.gz	.	2095	365012	30880	278	0	.	e3b0c44298fc1c149afbf4c8996fb92427ae41e4649b934ca495991b7852b855	0	.	PASS
bb5dcc92012e8623	0c319f797c6fb851	legumeinfo/TongShanTianEDan.gnm1.ann1.56XW/gff3/glyma.TongShanTianEDan.gnm1.ann1.56XW.gene_models_main.gff3.gz	.	59	1242251	55769	41	0	.	e3b0c44298fc1c149afbf4c8996fb92427ae41e4649b934ca495991b7852b855	0	.	PASS
bbb86f2e3df92ff3	fc585436fefbcb1b	legume_family/ncbi/Lathyrus_oleraceus/CAAS_Psat_ZW6_1.0/gff3/GCF_024323335.1_CAAS_Psat_ZW6_1.0_genomic.gff.gz	.	1566	752486	60290	1566	0	.	e3b0c44298fc1c149afbf4c8996fb92427ae41e4649b934ca495991b7852b855	0	.	PASS
bd196d408ca12cd1	94a608d361eaacc5	legume_family/ncbi/Arachis_hypogaea/AhypogaeaLine8_v1.0/gff3/GCA_041383265.1_AhypogaeaLine8_v1.0_genomic.gff.gz	.	21	1097645	55124	21	0	.	e3b0c44298fc1c149afbf4c8996fb92427ae41e4649b934ca495991b7852b855	0	.	PASS
be425e28c0ff085b	1e02bf4530d60d20	legume_family/ncbi/Sphenostylis_stenocarpa/hybrid_with_Hi-C/gff3/GCA_963425845.1_hybrid_with_Hi-C_genomic.gff.gz	.	11	539051	31614	11	0	.	e3b0c44298fc1c149afbf4c8996fb92427ae41e4649b934ca495991b7852b855	0	.	PASS
bed165739906fb16	d7e783e1368724ef	legume_family/ncbi/Phaseolus_vulgaris/PhaVulg1_0/gff3/GCF_000499845.1_PhaVulg1_0_genomic.gff.gz	.	708	423758	28134	708	0	.	e3b0c44298fc1c149afbf4c8996fb92427ae41e4649b934ca495991b7852b855	0	.	PASS
bf8095e2d8c1826f	97c249083db142a0	legume_family/legumeinfo/Arachis/hypogaea/Tifrunner.gnm1.ann1.CCJH/gff3/arahy.Tifrunner.gnm1.ann1.CCJH.gene_models_main.gff3.gz	.	384	1221898	67124	120	0	.	e3b0c44298fc1c149afbf4c8996fb92427ae41e4649b934ca495991b7852b855	0	.	PASS
c3cea47e840df975	93eb665486183049	legume_family/legumeinfo/Cicer/arietinum/CDCFrontier.gnm2.ann1.9M1L/gff3/cicar.CDCFrontier.gnm2.ann1.9M1L.gene_models_main.gff3.gz	.	6448	484725	25105	285	0	.	e3b0c44298fc1c149afbf4c8996fb92427ae41e4649b934ca495991b7852b855	0	.	PASS
c8dc325fc923ad87	0c8bb954ae371eff	legume_family/ncbi/Glycine_soja/Glycine_soja_Yongin-0_v1.0/gff3/GCA_048402855.1_Glycine_soja_Yongin-0_v1.0_genomic.gff.gz	.	522	1214082	58069	522	0	.	e3b0c44298fc1c149afbf4c8996fb92427ae41e4649b934ca495991b7852b855	0	.	PASS
ccbf7ded4553c2ef	55cdd0b7ab916f4a	legumeinfo/F_IGA1003.gnm1.ann1.G61B/gff3/glyso.F_IGA1003.gnm1.ann1.G61B.gene_models_main.gff3.gz	.	320	461669	57925	49	0	.	e3b0c44298fc1c149afbf4c8996fb92427ae41e4649b934ca495991b7852b855	0	.	PASS
cd293da5f52f8dca	dcdbe775692b2049	legume_family/legumeinfo/Cercis/canadensis/ISC453364.gnm3_hap2.ann1.G88H/gff3/cerca.ISC453364.gnm3_hap2.ann1.G88H.gene_models_main.gff3.gz	.	7	528173	26713	7	0	.	e3b0c44298fc1c149afbf4c8996fb92427ae41e4649b934ca495991b7852b855	0	.	PASS
cd49d0d6361370b4	9331d55ddb9d66dd	legume_family/legumeinfo/Trifolium/pratense/HEN17-A07.gnm1.ann1.LHG2/gff3/tripr.HEN17-A07.gnm1.ann1.LHG2.gene_models_main.gff3.gz	.	90	674782	33503	24	0	.	e3b0c44298fc1c149afbf4c8996fb92427ae41e4649b934ca495991b7852b855	0	.	PASS
d026195011912245	5b2e0b8beede6d07	legume_family/legumeinfo/Phaseolus/lunatus/G27455.gnm1.ann1.JD7C/gff3/phalu.G27455.gnm1.ann1.JD7C.gene_models_main.gff3.gz	.	313	354377	33734	131	0	.	e3b0c44298fc1c149afbf4c8996fb92427ae41e4649b934ca495991b7852b855	0	.	PASS
d02cc56c7d1f261d	20777faab2682694	legumeinfo/PI483463.gnm1.ann1.3Q3Q/gff3/glyso.PI483463.gnm1.ann1.3Q3Q.gene_models_main.gff3.gz	.	306	607074	46969	55	0	.	e3b0c44298fc1c149afbf4c8996fb92427ae41e4649b934ca495991b7852b855	0	.	PASS
d30bbec0cd94b1e2	7260a8f1220c96ed	legume_family/ncbi/Vicia_faba/ASM4818357v1/gff3/GCA_048183575.1_ASM4818357v1_genomic.gff.gz	.	1158	400129	37398	1158	0	.	e3b0c44298fc1c149afbf4c8996fb92427ae41e4649b934ca495991b7852b855	0	.	PASS
d330c11feebb1356	bdf948942c164bf9	legume_family/ncbi/Trifolium_repens/UTM_Trep_v1.0/gff3/GCA_030408175.1_UTM_Trep_v1.0_genomic.gff.gz	.	18	1062785	78174	18	0	.	e3b0c44298fc1c149afbf4c8996fb92427ae41e4649b934ca495991b7852b855	0	.	PASS
d36e222da4e0cfc3	03e60c30795c9d61	legume_family/legumeinfo/Arachis/hypogaea/C76-16.gnm1.ann1.5MP1/gff3/arahy.C76-16.gnm1.ann1.5MP1.gene_models_main.gff3.gz	.	20	917188	78388	20	0	.	e3b0c44298fc1c149afbf4c8996fb92427ae41e4649b934ca495991b7852b855	0	.	PASS
d4ed1350b181bf96	b9fbed1ba00a2236	legumeinfo/58-161.gnm1.ann1.HJ1K/gff3/glyma.58-161.gnm1.ann1.HJ1K.gene_models_main.gff3.gz	.	51	1231445	58881	35	0	.	e3b0c44298fc1c149afbf4c8996fb92427ae41e4649b934ca495991b7852b855	0	.	PASS
d743659d2310fe55	feb9a51f08fef41a	legumeinfo/PI_548362.gnm1.ann1.LL84/gff3/glyma.PI_548362.gnm1.ann1.LL84.gene_models_main.gff3.gz	.	66	1326263	56011	46	0	.	e3b0c44298fc1c149afbf4c8996fb92427ae41e4649b934ca495991b7852b855	0	.	PASS
d7abe2eb0f698c46	66c298f758fda743	legumeinfo/JD17.gnm1.ann1.CLFP/gff3/glyma.JD17.gnm1.ann1.CLFP.gene_models_main.gff3.gz	.	50	1102343	52840	25	0	.	e3b0c44298fc1c149afbf4c8996fb92427ae41e4649b934ca495991b7852b855	0	.	PASS
d8e304252bf5b6c7	bafa04c17e63cd2e	legumeinfo/Zh35_IGA1004.gnm1.ann1.RGN6/gff3/glyma.Zh35_IGA1004.gnm1.ann1.RGN6.gene_models_main.gff3.gz	.	460	463987	58150	112	0	.	e3b0c44298fc1c149afbf4c8996fb92427ae41e4649b934ca495991b7852b855	0	.	PASS
d9e3d4cd719a05e5	0dcaf41bc66de944	legumeinfo/Hefeng25_IGA1002.gnm1.ann1.320V/gff3/glyma.Hefeng25_IGA1002.gnm1.ann1.320V.gene_models_main.gff3.gz	.	249	436927	58102	29	0	.	e3b0c44298fc1c149afbf4c8996fb92427ae41e4649b934ca495991b7852b855	0	.	PASS
da2190d8185c2216	5faa576c44bcffa4	legumeinfo/JinDouNo_23.gnm1.ann1.SGJW/gff3/glyma.JinDouNo_23.gnm1.ann1.SGJW.gene_models_main.gff3.gz	.	63	1191358	54792	41	0	.	e3b0c44298fc1c149afbf4c8996fb92427ae41e4649b934ca495991b7852b855	0	.	PASS
dcc9a52283bb1114	d9711b01af08b2f0	legume_family/legumeinfo/Lablab/purpureus/Highworth.gnm1.ann1.HJ3B/gff3/labpu.Highworth.gnm1.ann1.HJ3B.gene_models_main.gff3.gz	.	1748	371367	24972	11	0	.	e3b0c44298fc1c149afbf4c8996fb92427ae41e4649b934ca495991b7852b855	0	.	PASS
dd312fa88f27de8e	42deac54812216b0	legume_family/legumeinfo/Phaseolus/vulgaris/G19833.gnm1.ann1.pScz/gff3/phavu.G19833.gnm1.ann1.pScz.gene_models_main.gff3.gz	.	708	295279	27197	91	0	.	e3b0c44298fc1c149afbf4c8996fb92427ae41e4649b934ca495991b7852b855	0	.	PASS
de8d18d2d19698fa	97903c1dcf357ec4	legume_family/legumeinfo/Medicago/truncatula/A17_HM341.gnm4.ann2.G3ZY/gff3/medtr.A17_HM341.gnm4.ann2.G3ZY.gene_models_main.gff3.gz	.	2186	633215	50444	1033	0	.	e3b0c44298fc1c149afbf4c8996fb92427ae41e4649b934ca495991b7852b855	0	.	PASS
e0531d7ddcf2cb97	f12808dacefa8a73	legume_family/ncbi/Arachis_ipaensis/Araip1.1/gff3/GCF_000816755.2_Araip1.1_genomic.gff.gz	.	548	919523	47491	548	0	.	e3b0c44298fc1c149afbf4c8996fb92427ae41e4649b934ca495991b7852b855	0	.	PASS
e1f5fa5bad42c187	80027c03c29a3aa5	legume_family/legumeinfo/Apios/priceana/MO19963523.gnm1_hap2.ann1.PB8C/gff3/apipr.MO19963523.gnm1_hap2.ann1.PB8C.gene_models_main.gff3.gz	.	450	675646	27004	34	0	.	e3b0c44298fc1c149afbf4c8996fb92427ae41e4649b934ca495991b7852b855	0	.	PASS
e5375bfc431af7c0	c7a5158c25aee926	legume_family/legumeinfo/Phaseolus/coccineus/PHA8298.gnm1.ann1.0Q14/gff3/phaco.PHA8298.gnm1.ann1.0Q14.gene_models_main.gff3.gz	.	641	404066	29443	461	0	.	e3b0c44298fc1c149afbf4c8996fb92427ae41e4649b934ca495991b7852b855	0	.	PASS
e75b0684f432e271	70b42423ad1ab6b4	legumeinfo/WanDouNo_28.gnm1.ann1.NLYP/gff3/glyma.WanDouNo_28.gnm1.ann1.NLYP.gene_models_main.gff3.gz	.	25	1221368	57777	21	0	.	e3b0c44298fc1c149afbf4c8996fb92427ae41e4649b934ca495991b7852b855	0	.	PASS
e7e022605327ebb2	898d04d577329c6e	legumeinfo/TieJiaSiLiHuang.gnm1.ann1.W70Z/gff3/glyma.TieJiaSiLiHuang.gnm1.ann1.W70Z.gene_models_main.gff3.gz	.	60	1303391	58496	45	0	.	e3b0c44298fc1c149afbf4c8996fb92427ae41e4649b934ca495991b7852b855	0	.	PASS
e9882add53dcf4dc	c1e7560cc81522b0	legume_family/ncbi/Trifolium_repens/drTriRepe4_hap1_1.5/gff3/GCA_032173615.1_drTriRepe4_hap1_1.5_genomic.gff.gz	.	885	1094592	99168	885	0	.	e3b0c44298fc1c149afbf4c8996fb92427ae41e4649b934ca495991b7852b855	0	.	PASS
ea29e5335685053a	4a288d106490fa75	legume_family/ncbi/Arachis_hypogaea/ASM417044v1/gff3/GCA_004170445.1_ASM417044v1_genomic.gff.gz	.	29	1472816	72233	29	0	.	e3b0c44298fc1c149afbf4c8996fb92427ae41e4649b934ca495991b7852b855	0	.	PASS
ef224fdfcd7f1ba8	95be401850e00372	legume_family/legumeinfo/Vicia/faba/Tiffany.gnm1.ann1.Y54X/gff3/vicfa.Tiffany.gnm1.ann1.Y54X.gene_models_main.gff3.gz	.	1971	452417	34043	565	0	.	e3b0c44298fc1c149afbf4c8996fb92427ae41e4649b934ca495991b7852b855	0	.	PASS
f0ec01b9e4056bfc	527340f3a4558e22	legumeinfo/Wm82_IGA1008.gnm1.ann1.FGN6/gff3/glyma.Wm82_IGA1008.gnm1.ann1.FGN6.gene_models_main.gff3.gz	.	397	472361	57286	56	0	.	e3b0c44298fc1c149afbf4c8996fb92427ae41e4649b934ca495991b7852b855	0	.	PASS
f1607dc2d3ab2472	7c32313f733bcb1e	legume_family/legumeinfo/Phaseolus/vulgaris/G19833.gnm2.ann1.PB8d/gff3/phavu.G19833.gnm2.ann1.PB8d.gene_models_main.gff3.gz	.	478	363080	27433	110	0	.	e3b0c44298fc1c149afbf4c8996fb92427ae41e4649b934ca495991b7852b855	0	.	PASS
f23ce0d142345d64	0ff6ab7e0a0c22c7	legumeinfo/KeShanNo_1.gnm1.ann1.2YX4/gff3/glyma.KeShanNo_1.gnm1.ann1.2YX4.gene_models_main.gff3.gz	.	63	1208461	55267	51	0	.	e3b0c44298fc1c149afbf4c8996fb92427ae41e4649b934ca495991b7852b855	0	.	PASS
f5bbd1fd0c7f3dff	ba135b7983bfac1d	legume_family/legumeinfo/Glycine/soja/W05.gnm1.ann1.T47J/gff3/glyso.W05.gnm1.ann1.T47J.gene_models_main.gff3.gz	.	1118	863210	55538	165	0	.	e3b0c44298fc1c149afbf4c8996fb92427ae41e4649b934ca495991b7852b855	0	.	PASS
f6398ce580d52503	1c61a520b70e81d3	legume_family/legumeinfo/Cercis/canadensis/ISC453364.gnm3.ann1.3N1M/gff3/cerca.ISC453364.gnm3.ann1.3N1M.gene_models_main.gff3.gz	.	43	531686	27440	42	0	.	e3b0c44298fc1c149afbf4c8996fb92427ae41e4649b934ca495991b7852b855	0	.	PASS
fc8d57c1319bc410	c7a5158c25aee926	legume_family/legumeinfo/Phaseolus/coccineus/PHA8298.gnm1.ann1.0Q14/gff3/phaco.PHA8298.gnm1.ann1.0Q14.gene_models_main.gff3.gz	.	641	404066	29443	461	0	.	e3b0c44298fc1c149afbf4c8996fb92427ae41e4649b934ca495991b7852b855	0	.	PASS
fca2e8d89b64453f	ec9aa826e7e12740	legume_family/ncbi/Glycine_max/WHFS_GmHX3_1.0/gff3/GCA_014282145.1_WHFS_GmHX3_1.0_genomic.gff.gz	.	208	688967	57350	208	0	.	e3b0c44298fc1c149afbf4c8996fb92427ae41e4649b934ca495991b7852b855	0	.	PASS
fd31734f0f163667	9437b0c53b4ee7fa	legume_family/legumeinfo/Lens/ervoides/IG_72815.gnm1.ann1.R90F/gff3/lener.IG_72815.gnm1.ann1.R90F.gene_models_main.gff3.gz	.	1141	529825	37045	60	0	.	e3b0c44298fc1c149afbf4c8996fb92427ae41e4649b934ca495991b7852b855	0	.	PASS
ff55280a152972fc	d9ee2351e39ae8e3	legume_family/legumeinfo/Apios/americana/LA2127.gnm1_hap2.ann1.NT2R/gff3/apiam.LA2127.gnm1_hap2.ann1.NT2R.gene_models_main.gff3.gz	.	11	595425	25785	11	0	.	e3b0c44298fc1c149afbf4c8996fb92427ae41e4649b934ca495991b7852b855	0	.	PASS
